z,y,x,num_pores,num_throats,gnn_pnm_kx,gnn_pnm_ky,gnn_pnm_kz,openpnm_kx,openpnm_ky,openpnm_kz
0,0,512,342,463,4.309473242668227e-14,9.482185544563981e-14,1.2960063523661386e-13,8.060985898077726e-14,6.337441314504612e-14,2.588886811886807e-13
