rock,cube_size,z,y,x,num_pores,num_throats,gnn_pnm_kx,gnn_pnm_ky,gnn_pnm_kz,openpnm_kx,openpnm_ky,openpnm_kz
BanderaBrown,128,0,256,512,510,713,4.5434379728533786e-14,6.059369450422611e-14,7.970640342408811e-14,1.7924787597579325e-13,1.0344515593679723e-13,8.727342245122526e-14
